datadir/20230313_012627/report.txt,100,100,1,1,0.00072461704257875681
datadir/20230313_012637/report.txt,100,100,1,1,0.00044837643508799374
datadir/20230313_012651/report.txt,100,100,1,1,0.00067257921909913421
datadir/20230313_012701/report.txt,100,100,1,1,0.00583335943520069122
datadir/20230313_012718/report.txt,100,100,1,1,0.00031879893504083157
datadir/20230313_012728/report.txt,100,100,1,1,0.00055189541308209300
datadir/20230313_012738/report.txt,100,100,1,1,0.00013525487156584859
datadir/20230313_012753/report.txt,100,100,1,1,0.01123742014169692993
datadir/20230313_012803/report.txt,100,100,1,1,0.00033503441954962909
datadir/20230313_012815/report.txt,100,100,1,1,0.00038132377085275948
datadir/20230313_012824/report.txt,100,100,1,1,0.00834843888878822327
datadir/20230313_012836/report.txt,100,100,1,1,0.00063906988361850381
datadir/20230313_012845/report.txt,100,100,1,1,0.00056767021305859089
datadir/20230313_012856/report.txt,100,100,1,1,0.00075403210939839482
datadir/20230313_012906/report.txt,100,100,1,1,0.00164508412126451731
datadir/20230313_012922/report.txt,100,100,1,1,0.00106073543429374695
datadir/20230313_012932/report.txt,100,100,1,1,0.00061564112547785044
datadir/20230313_012947/report.txt,100,100,1,1,0.00044689764035865664
datadir/20230313_012958/report.txt,100,100,1,1,0.02510324865579605103
datadir/20230313_013008/report.txt,100,100,1,1,0.04780387878417968750
datadir/20230313_013017/report.txt,100,100,1,1,0.00050831068074330688
datadir/20230313_013026/report.txt,100,100,1,1,0.00079528428614139557
datadir/20230313_013036/report.txt,100,100,1,1,0.02071322686970233917
datadir/20230313_013047/report.txt,100,100,1,1,0.01780436746776103973
datadir/20230313_013057/report.txt,100,100,1,1,0.00110895454417914152
datadir/20230313_013107/report.txt,100,100,1,1,0.00049628148553892970
datadir/20230313_013116/report.txt,100,100,1,1,0.00018264315440319479
datadir/20230313_013131/report.txt,100,100,1,1,0.00043877738062292337
datadir/20230313_013141/report.txt,100,100,1,1,0.00070409156614914536
datadir/20230313_013152/report.txt,100,100,1,1,0.01476551499217748642
datadir/20230313_013202/report.txt,100,100,1,1,0.00043665480916388333
datadir/20230313_013211/report.txt,100,100,1,1,0.00636519491672515869
datadir/20230313_013221/report.txt,100,100,1,1,0.00050796946743503213
datadir/20230313_013230/report.txt,100,100,1,1,0.00085951946675777435
datadir/20230313_013241/report.txt,100,100,1,1,0.00084499659715220332
datadir/20230313_013251/report.txt,100,100,1,1,0.00027629247051663697
datadir/20230313_013301/report.txt,100,100,1,1,0.00068890553666278720
datadir/20230313_013310/report.txt,100,100,1,1,0.00013983274402562529
datadir/20230313_013326/report.txt,100,100,1,1,0.00037735261139459908
datadir/20230313_013335/report.txt,100,100,1,1,0.00049048237269744277
datadir/20230313_013345/report.txt,100,100,1,1,0.00056269427295774221
datadir/20230313_013354/report.txt,100,100,1,1,0.00045496740494854748
datadir/20230313_013407/report.txt,100,100,1,1,0.01673324592411518097
datadir/20230313_013418/report.txt,100,100,1,1,0.00057119893608614802
datadir/20230313_013430/report.txt,100,100,1,1,0.00042157934512943029
datadir/20230313_013443/report.txt,100,100,1,1,0.00070703314850106835
datadir/20230313_013455/report.txt,100,100,1,1,0.00030788854928687215
datadir/20230313_013507/report.txt,100,100,1,1,0.00056633667554706335
datadir/20230313_013523/report.txt,100,100,1,1,0.00041380961192771792
datadir/20230313_013532/report.txt,100,100,1,1,0.00052727590082213283
datadir/20230313_013541/report.txt,100,100,1,1,0.00054232828551903367
datadir/20230313_013551/report.txt,100,100,1,1,0.00104044575709849596
datadir/20230313_013605/report.txt,100,100,1,1,0.00020334980217739940
datadir/20230313_013615/report.txt,100,100,1,1,0.00024033529916778207
datadir/20230313_013627/report.txt,100,100,1,1,0.00171192479319870472
datadir/20230313_013637/report.txt,100,100,1,1,0.00168934802059084177
datadir/20230313_013650/report.txt,100,100,1,1,0.00021995455608703196
datadir/20230313_013659/report.txt,100,100,1,1,0.00049878057325258851
datadir/20230313_013711/report.txt,100,100,1,1,0.00181945716030895710
datadir/20230313_013722/report.txt,100,100,1,1,0.00053977116476744413
datadir/20230313_013731/report.txt,100,100,1,1,0.00068253336939960718
datadir/20230313_013740/report.txt,100,100,1,1,0.00034623971441760659
datadir/20230313_013750/report.txt,100,100,1,1,0.00030810720636509359
datadir/20230313_013759/report.txt,100,100,1,1,0.00031249484163708985
datadir/20230313_013811/report.txt,100,100,1,1,0.04432394355535507202
datadir/20230313_013820/report.txt,100,100,1,1,0.00045558690908364952
datadir/20230313_013829/report.txt,100,100,1,1,0.00043280451791360974
datadir/20230313_013840/report.txt,100,100,1,1,0.01051873341202735901
datadir/20230313_013855/report.txt,100,100,1,1,0.04907804355025291443
datadir/20230313_013906/report.txt,100,100,1,1,0.00060424488037824631
datadir/20230313_013918/report.txt,100,100,1,1,0.00594675587490200996
datadir/20230313_013928/report.txt,100,100,1,1,0.11979594826698303223
datadir/20230313_013938/report.txt,100,100,1,1,0.00601175427436828613
datadir/20230313_013948/report.txt,100,100,1,1,0.00066038296790793538
datadir/20230313_013958/report.txt,100,100,1,1,0.00022134478786028922
datadir/20230313_014010/report.txt,100,100,1,1,0.00082512066001072526
datadir/20230313_014022/report.txt,100,100,1,1,0.00042991817463189363
datadir/20230313_014032/report.txt,100,100,1,1,0.00080912525299936533
datadir/20230313_014041/report.txt,100,100,1,1,0.03429982438683509827
datadir/20230313_014050/report.txt,100,100,1,1,0.00063929019961506128
datadir/20230313_014100/report.txt,100,100,1,1,0.00016781956946942955
datadir/20230313_014110/report.txt,100,100,1,1,0.00052998366300016642
datadir/20230313_014125/report.txt,100,100,1,1,0.00036048472975380719
datadir/20230313_014137/report.txt,100,100,1,1,0.00055839511333033442
datadir/20230313_014147/report.txt,100,100,1,1,0.00084173033246770501
datadir/20230313_014200/report.txt,100,100,1,1,0.00010905990347964689
datadir/20230313_014211/report.txt,100,100,1,1,0.00048637279542163014
datadir/20230313_014220/report.txt,100,100,1,1,0.00042317173210904002
datadir/20230313_014230/report.txt,100,100,1,1,0.00021440366981551051
datadir/20230313_014242/report.txt,100,100,1,1,0.01263168454170227051
datadir/20230313_014252/report.txt,100,100,1,1,0.00030445045558735728
datadir/20230313_014302/report.txt,100,100,1,1,0.00068447977537289262
datadir/20230313_014315/report.txt,100,100,1,1,0.00024759783991612494
datadir/20230313_014329/report.txt,100,100,1,1,0.00021374238713178784
datadir/20230313_014339/report.txt,100,100,1,1,0.00057946232846006751
datadir/20230313_014348/report.txt,100,100,1,1,0.00042116557597182691
datadir/20230313_014401/report.txt,100,100,1,1,0.48535549640655517578
datadir/20230313_014410/report.txt,100,100,1,1,0.00143904227297753096
datadir/20230313_014422/report.txt,100,100,1,1,0.00040114679723046720
datadir/20230313_014432/report.txt,100,100,1,1,0.02012894861400127411
datadir/20230313_014441/report.txt,100,100,1,1,0.00125640712212771177
datadir/20230313_014450/report.txt,100,100,1,1,0.00043534740689210594
datadir/20230313_014501/report.txt,100,100,1,1,0.03130867332220077515
datadir/20230313_014510/report.txt,100,100,1,1,0.00017729867249727249
datadir/20230313_014526/report.txt,100,100,1,1,0.01661199517548084259
datadir/20230313_014537/report.txt,100,100,1,1,0.00040246403659693897
datadir/20230313_014547/report.txt,100,100,1,1,0.00014346669195219874
datadir/20230313_014557/report.txt,100,100,1,1,0.00060938613023608923
datadir/20230313_014613/report.txt,100,100,1,1,0.04063793644309043884
datadir/20230313_014623/report.txt,100,100,1,1,0.00048026954755187035
datadir/20230313_014633/report.txt,100,100,1,1,0.00014159236161503941
datadir/20230313_014645/report.txt,100,100,1,1,0.00058503099717199802
datadir/20230313_014655/report.txt,100,100,1,1,0.00253915367648005486
datadir/20230313_014706/report.txt,100,100,1,1,0.00051383202662691474
datadir/20230313_014719/report.txt,100,100,1,1,0.00017926812870427966
datadir/20230313_014729/report.txt,100,100,1,1,0.00054515566444024444
datadir/20230313_014740/report.txt,100,100,1,1,0.00048240477917715907
datadir/20230313_014755/report.txt,100,100,1,1,0.00073581055039539933
datadir/20230313_014804/report.txt,100,100,1,1,0.00017061101971194148
datadir/20230313_014815/report.txt,100,100,1,1,0.00658558914437890053
datadir/20230313_014825/report.txt,100,100,1,1,0.00080531241837888956
datadir/20230313_014835/report.txt,100,100,1,1,0.01748263090848922729
datadir/20230313_014845/report.txt,100,100,1,1,0.00063803110970184207
datadir/20230313_014854/report.txt,100,100,1,1,0.02803401835262775421
datadir/20230313_014904/report.txt,100,100,1,1,0.02683076076209545135
datadir/20230313_014916/report.txt,100,100,1,1,0.00981900189071893692
datadir/20230313_014926/report.txt,100,100,1,1,0.00558894313871860504
datadir/20230313_014935/report.txt,100,100,1,1,0.00126580323558300734
datadir/20230313_014946/report.txt,100,100,1,1,0.00037231229362078011
datadir/20230313_014955/report.txt,100,100,1,1,0.00033206713851541281
datadir/20230313_015005/report.txt,100,100,1,1,0.00049209070857614279
datadir/20230313_015017/report.txt,100,100,1,1,0.00041688632336445153
datadir/20230313_015027/report.txt,100,100,1,1,0.00064850924536585808
datadir/20230313_015039/report.txt,100,100,1,1,0.00045124915777705610
datadir/20230313_015049/report.txt,100,100,1,1,0.00029348320094868541
datadir/20230313_015102/report.txt,100,100,1,1,0.02183729410171508789
datadir/20230313_015111/report.txt,100,100,1,1,0.00046952452976256609
datadir/20230313_015121/report.txt,100,100,1,1,0.00086061150068417192
datadir/20230313_015132/report.txt,100,100,1,1,0.00028335821116343141
datadir/20230313_015144/report.txt,100,100,1,1,0.02694863267242908478
datadir/20230313_015155/report.txt,100,100,1,1,0.02241278998553752899
datadir/20230313_015204/report.txt,100,100,1,1,0.01733749173581600189
datadir/20230313_015217/report.txt,100,100,1,1,0.01082129124552011490
datadir/20230313_015226/report.txt,100,100,1,1,0.00045542579027824104
datadir/20230313_015236/report.txt,100,100,1,1,0.03291347250342369080
datadir/20230313_015248/report.txt,100,100,1,1,0.01947533339262008667
datadir/20230313_015258/report.txt,100,100,1,1,0.00029948944575153291
datadir/20230313_015308/report.txt,100,100,1,1,0.00046325323637574911
datadir/20230313_015317/report.txt,100,100,1,1,0.00054657540749758482
datadir/20230313_015331/report.txt,100,100,1,1,0.00019648576562758535
datadir/20230313_015341/report.txt,100,100,1,1,0.00012810797488782555
datadir/20230313_015350/report.txt,100,100,1,1,0.01782392337918281555
datadir/20230313_015359/report.txt,100,100,1,1,0.00038854067679494619
datadir/20230313_015408/report.txt,100,100,1,1,0.00008521918789483607
datadir/20230313_015421/report.txt,100,100,1,1,0.00039432747871614993
datadir/20230313_015431/report.txt,100,100,1,1,0.00028587749693542719
datadir/20230313_015442/report.txt,100,100,1,1,0.00012256261834409088
datadir/20230313_015453/report.txt,100,100,1,1,0.00044675965909846127
datadir/20230313_015502/report.txt,100,100,1,1,0.01150133833289146423
datadir/20230313_015512/report.txt,100,100,1,1,0.00045217663864605129
datadir/20230313_015522/report.txt,100,100,1,1,0.00049437128473073244
datadir/20230313_015533/report.txt,100,100,1,1,0.00058888661442324519
datadir/20230313_015542/report.txt,100,100,1,1,0.00046546579687856138
datadir/20230313_015555/report.txt,100,100,1,1,0.00032006634864956141
datadir/20230313_015604/report.txt,100,100,1,1,0.00060265581123530865
datadir/20230313_015613/report.txt,100,100,1,1,0.00034303218126296997
datadir/20230313_015622/report.txt,100,100,1,1,0.00027351480093784630
datadir/20230313_015634/report.txt,100,100,1,1,0.00060521834529936314
datadir/20230313_015643/report.txt,100,100,1,1,0.00031533895526081324
datadir/20230313_015652/report.txt,100,100,1,1,0.00071363250026479363
datadir/20230313_015701/report.txt,100,100,1,1,0.00569958519190549850
datadir/20230313_015714/report.txt,100,100,1,1,0.00980201549828052521
datadir/20230313_015728/report.txt,100,100,1,1,0.00080262124538421631
datadir/20230313_015738/report.txt,100,100,1,1,0.00054076075321063399
datadir/20230313_015751/report.txt,100,100,1,1,0.02138593606650829315
datadir/20230313_015803/report.txt,100,100,1,1,0.02148460410535335541
datadir/20230313_015812/report.txt,100,100,1,1,0.00035438511986285448
datadir/20230313_015822/report.txt,100,100,1,1,0.00034640004741959274
datadir/20230313_015831/report.txt,100,100,1,1,0.03010670095682144165
datadir/20230313_015841/report.txt,100,100,1,1,0.00053082086378708482
datadir/20230313_015850/report.txt,100,100,1,1,0.01588575728237628937
datadir/20230313_015901/report.txt,100,100,1,1,0.00072351412381976843
datadir/20230313_015912/report.txt,100,100,1,1,0.00071527046384289861
datadir/20230313_015922/report.txt,100,100,1,1,0.00055946293286979198
datadir/20230313_015936/report.txt,100,100,1,1,0.00059163488913327456
datadir/20230313_015947/report.txt,100,100,1,1,0.00608504237607121468
datadir/20230313_015957/report.txt,100,100,1,1,0.02368139475584030151
datadir/20230313_020011/report.txt,100,100,1,1,0.00016949686687439680
datadir/20230313_020021/report.txt,100,100,1,1,0.00048655431601218879
datadir/20230313_020030/report.txt,100,100,1,1,0.00049954053247347474
datadir/20230313_020041/report.txt,100,100,1,1,0.00049681408563628793
datadir/20230313_020052/report.txt,100,100,1,1,0.00031530178966931999
datadir/20230313_020101/report.txt,100,100,1,1,0.02061042189598083496
datadir/20230313_020112/report.txt,100,100,1,1,0.00027785392012447119
datadir/20230313_020122/report.txt,100,100,1,1,0.00047049912973307073
datadir/20230313_020133/report.txt,100,100,1,1,0.00057044724235311151
datadir/20230313_020142/report.txt,100,100,1,1,0.00025703955907374620
datadir/20230313_020152/report.txt,100,100,1,1,0.00052465306362137198
datadir/20230313_020203/report.txt,100,100,1,1,0.02538715675473213196
datadir/20230313_020213/report.txt,100,100,1,1,0.00134080322459340096
datadir/20230313_020222/report.txt,100,100,1,1,0.00029539159731939435
datadir/20230313_020233/report.txt,100,100,1,1,0.00053045194363221526
datadir/20230313_020247/report.txt,100,100,1,1,0.00029935484053567052
datadir/20230313_020257/report.txt,100,100,1,1,0.00046248911530710757
datadir/20230313_020306/report.txt,100,100,1,1,0.00038896518526598811
datadir/20230313_020316/report.txt,100,100,1,1,0.00018907929188571870
datadir/20230313_020331/report.txt,100,100,1,1,0.00031824180041439831
datadir/20230313_020345/report.txt,100,100,1,1,0.00046408222988247871
datadir/20230313_020354/report.txt,100,100,1,1,0.00945184752345085144
datadir/20230313_020404/report.txt,100,100,1,1,0.00070290715666487813
datadir/20230313_020413/report.txt,100,100,1,1,0.00034350017085671425
datadir/20230313_020427/report.txt,100,100,1,1,0.00252135610207915306
datadir/20230313_020436/report.txt,100,100,1,1,0.04224990308284759521
datadir/20230313_020449/report.txt,100,100,1,1,0.00209489371627569199
datadir/20230313_020502/report.txt,100,100,1,1,0.00729695567861199379
datadir/20230313_020514/report.txt,100,100,1,1,0.00013120364747010171
datadir/20230313_020528/report.txt,100,100,1,1,0.00248063821345567703
datadir/20230313_020540/report.txt,100,100,1,1,0.00033566917409189045
datadir/20230313_020554/report.txt,100,100,1,1,0.01540099643170833588
datadir/20230313_020610/report.txt,100,100,1,1,0.00061479711439460516
datadir/20230313_020620/report.txt,100,100,1,1,0.00042892500641755760
datadir/20230313_020631/report.txt,100,100,1,1,0.00036435405490919948
datadir/20230313_020642/report.txt,100,100,1,1,0.00066616345429793000
datadir/20230313_020654/report.txt,100,100,1,1,0.00066334492294117808
datadir/20230313_020709/report.txt,100,100,1,1,0.01482411846518516541
datadir/20230313_020719/report.txt,100,100,1,1,0.00046972950804047287
datadir/20230313_020729/report.txt,100,100,1,1,0.00326722417958080769
datadir/20230313_020738/report.txt,100,100,1,1,0.00027541982126422226
datadir/20230313_020749/report.txt,100,100,1,1,0.00034693299676291645
datadir/20230313_020759/report.txt,100,100,1,1,0.00448737759143114090
datadir/20230313_020809/report.txt,100,100,1,1,0.00021130341337993741
datadir/20230313_020821/report.txt,100,100,1,1,0.00051624682964757085
datadir/20230313_020835/report.txt,100,100,1,1,0.00019634203636087477
datadir/20230313_020845/report.txt,100,100,1,1,0.00070946192136034369
datadir/20230313_020854/report.txt,100,100,1,1,0.00046519748866558075
datadir/20230313_020906/report.txt,100,100,1,1,0.00262065534479916096
datadir/20230313_020915/report.txt,100,100,1,1,0.01906068623065948486
datadir/20230313_020924/report.txt,100,100,1,1,0.00047766108764335513
datadir/20230313_020935/report.txt,100,100,1,1,0.00063361867796629667
datadir/20230313_020945/report.txt,100,100,1,1,0.01130816712975502014
datadir/20230313_020954/report.txt,100,100,1,1,0.00042583898175507784
datadir/20230313_021009/report.txt,100,100,1,1,0.00037997399340383708
datadir/20230313_021019/report.txt,100,100,1,1,0.00061299320077523589
datadir/20230313_021030/report.txt,100,100,1,1,0.00892922654747962952
datadir/20230313_021046/report.txt,100,100,1,1,0.00021643763466272503
datadir/20230313_021057/report.txt,100,100,1,1,0.00031514652073383331
datadir/20230313_021107/report.txt,100,100,1,1,0.00036268672556616366
datadir/20230313_021120/report.txt,100,100,1,1,0.00061915552942082286
datadir/20230313_021132/report.txt,100,100,1,1,0.00241177086718380451
datadir/20230313_021141/report.txt,100,100,1,1,0.01565666310489177704
datadir/20230313_021153/report.txt,100,100,1,1,0.00063849153229966760
datadir/20230313_021204/report.txt,100,100,1,1,0.03474565222859382629
datadir/20230313_021217/report.txt,100,100,1,1,0.00022423152404371649
datadir/20230313_021231/report.txt,100,100,1,1,0.00024077597481664270
datadir/20230313_021241/report.txt,100,100,1,1,0.00042391355964355171
datadir/20230313_021253/report.txt,100,100,1,1,0.00068307551555335522
datadir/20230313_021303/report.txt,100,100,1,1,0.00036501849535852671
datadir/20230313_021313/report.txt,100,100,1,1,0.00062233902281150222
datadir/20230313_021325/report.txt,100,100,1,1,0.00064881471917033195
datadir/20230313_021341/report.txt,100,100,1,1,0.02366887778043746948
datadir/20230313_021351/report.txt,100,100,1,1,0.00025218690279871225
datadir/20230313_021404/report.txt,100,100,1,1,0.00026704426272772253
datadir/20230313_021415/report.txt,100,100,1,1,0.00009736311767483130
datadir/20230313_021424/report.txt,100,100,1,1,0.00043767996248789132
datadir/20230313_021434/report.txt,100,100,1,1,0.00870896037667989731
datadir/20230313_021443/report.txt,100,100,1,1,0.00054647913202643394
datadir/20230313_021458/report.txt,100,100,1,1,0.00035821375786326826
datadir/20230313_021508/report.txt,100,100,1,1,0.02288154326379299164
datadir/20230313_021519/report.txt,100,100,1,1,0.00064090226078405976
datadir/20230313_021529/report.txt,100,100,1,1,0.04494805634021759033
datadir/20230313_021538/report.txt,100,100,1,1,0.00072052120231091976
datadir/20230313_021551/report.txt,100,100,1,1,0.01057038549333810806
datadir/20230313_021603/report.txt,100,100,1,1,0.00060576887335628271
datadir/20230313_021618/report.txt,100,100,1,1,0.01056232210248708725
datadir/20230313_021631/report.txt,100,100,1,1,0.00036946253385394812
datadir/20230313_021641/report.txt,100,100,1,1,0.00018966510833706707
datadir/20230313_021650/report.txt,100,100,1,1,0.04484814032912254333
datadir/20230313_021702/report.txt,100,100,1,1,0.00070780422538518906
datadir/20230313_021717/report.txt,100,100,1,1,0.00546265905722975731
datadir/20230313_021726/report.txt,100,100,1,1,0.00947292800992727280
datadir/20230313_021739/report.txt,100,100,1,1,0.00043802650179713964
datadir/20230313_021748/report.txt,100,100,1,1,0.00040149848791770637
datadir/20230313_021801/report.txt,100,100,1,1,0.00034926299122162163
datadir/20230313_021816/report.txt,100,100,1,1,0.00012117997539462522
datadir/20230313_021827/report.txt,100,100,1,1,0.00054016429930925369
datadir/20230313_021838/report.txt,100,100,1,1,0.00067824823781847954
datadir/20230313_021847/report.txt,100,100,1,1,0.00075804308289662004
datadir/20230313_021903/report.txt,100,100,1,1,0.00012233867892064154
datadir/20230313_021913/report.txt,100,100,1,1,0.00274502229876816273
datadir/20230313_021923/report.txt,100,100,1,1,0.00058373209321871400
datadir/20230313_021933/report.txt,100,100,1,1,0.00169346784241497517
datadir/20230313_021946/report.txt,100,100,1,1,0.00144479540176689625
datadir/20230313_021959/report.txt,100,100,1,1,0.00034830375807359815
datadir/20230313_022008/report.txt,100,100,1,1,0.00414121896028518677
datadir/20230313_022018/report.txt,100,100,1,1,0.00837459042668342590
datadir/20230313_022028/report.txt,100,100,1,1,0.00019187699945177883
datadir/20230313_022039/report.txt,100,100,1,1,0.03253737464547157288
datadir/20230313_022049/report.txt,100,100,1,1,0.00295124668627977371
datadir/20230313_022058/report.txt,100,100,1,1,0.00025698318495415151
datadir/20230313_022108/report.txt,100,100,1,1,0.00037289469037204981
datadir/20230313_022118/report.txt,100,100,1,1,0.00068318250123411417
datadir/20230313_022133/report.txt,100,100,1,1,0.00040365892346017063
datadir/20230313_022143/report.txt,100,100,1,1,0.03295081108808517456
datadir/20230313_022153/report.txt,100,100,1,1,0.00034393140231259167
datadir/20230313_022202/report.txt,100,100,1,1,0.01998130045831203461
datadir/20230313_022216/report.txt,100,100,1,1,0.06914887577295303345
datadir/20230313_022225/report.txt,100,100,1,1,0.00038089754525572062
datadir/20230313_022236/report.txt,100,100,1,1,0.00066087883897125721
datadir/20230313_022248/report.txt,100,100,1,1,0.00053867942187935114
datadir/20230313_022257/report.txt,100,100,1,1,0.00612455001100897789
datadir/20230313_022308/report.txt,100,100,1,1,0.00064277148339897394
datadir/20230313_022318/report.txt,100,100,1,1,0.00057680124882608652
datadir/20230313_022329/report.txt,100,100,1,1,0.00052252638852223754
datadir/20230313_022339/report.txt,100,100,1,1,0.00048233932466246188
datadir/20230313_022350/report.txt,100,100,1,1,0.00026112480554729700
datadir/20230313_022359/report.txt,100,100,1,1,0.02072497829794883728
datadir/20230313_022410/report.txt,100,100,1,1,0.00018746135174296796
datadir/20230313_022422/report.txt,100,100,1,1,0.00082117173587903380
datadir/20230313_022433/report.txt,100,100,1,1,0.00024225711240433156
datadir/20230313_022443/report.txt,100,100,1,1,0.00018554400594439358
datadir/20230313_022455/report.txt,100,100,1,1,0.00030260885250754654
datadir/20230313_022505/report.txt,100,100,1,1,0.00039223430212587118
datadir/20230313_022518/report.txt,100,100,1,1,0.00055487931240350008
datadir/20230313_022530/report.txt,100,100,1,1,0.00055239221546798944
datadir/20230313_022541/report.txt,100,100,1,1,0.00029701707535423338
datadir/20230313_022550/report.txt,100,100,1,1,0.00037662821705453098
datadir/20230313_022559/report.txt,100,100,1,1,0.00019641905964817852
datadir/20230313_022613/report.txt,100,100,1,1,0.00056742463493719697
datadir/20230313_022623/report.txt,100,100,1,1,0.00031492087873630226
datadir/20230313_022634/report.txt,100,100,1,1,0.00096741504967212677
datadir/20230313_022644/report.txt,100,100,1,1,0.00038115942152217031
datadir/20230313_022653/report.txt,100,100,1,1,0.00053217599634081125
datadir/20230313_022703/report.txt,100,100,1,1,0.04152632877230644226
datadir/20230313_022718/report.txt,100,100,1,1,0.00087539141532033682
datadir/20230313_022727/report.txt,100,100,1,1,0.00060849258443340659
datadir/20230313_022738/report.txt,100,100,1,1,0.00013403822958935052
datadir/20230313_022752/report.txt,100,100,1,1,0.14985379576683044434
datadir/20230313_022803/report.txt,100,100,1,1,0.00082304427633062005
datadir/20230313_022812/report.txt,100,100,1,1,0.00014276120055001229
datadir/20230313_022826/report.txt,100,100,1,1,0.00075940531678497791
datadir/20230313_022836/report.txt,100,100,1,1,0.00079068378545343876
datadir/20230313_022846/report.txt,100,100,1,1,0.00059282907750457525
datadir/20230313_022858/report.txt,100,100,1,1,0.00044978308142162859
datadir/20230313_022910/report.txt,100,100,1,1,0.00097578071290627122
datadir/20230313_022922/report.txt,100,100,1,1,0.00030536961276084185
datadir/20230313_022932/report.txt,100,100,1,1,0.00080014730338007212
datadir/20230313_022945/report.txt,100,100,1,1,0.00025013953563757241
datadir/20230313_022958/report.txt,100,100,1,1,0.00658432999625802040
datadir/20230313_023012/report.txt,100,100,1,1,0.00044992993935011327
datadir/20230313_023022/report.txt,100,100,1,1,0.00059824332129210234
datadir/20230313_023031/report.txt,100,100,1,1,0.00061418022960424423
datadir/20230313_023040/report.txt,100,100,1,1,0.00050964613910764456
datadir/20230313_023052/report.txt,100,100,1,1,0.00033961588633246720
datadir/20230313_023101/report.txt,100,100,1,1,0.00009174544538836926
datadir/20230313_023112/report.txt,100,100,1,1,0.00023708463413640857
datadir/20230313_023122/report.txt,100,100,1,1,0.00042777357157319784
datadir/20230313_023132/report.txt,100,100,1,1,0.04205708205699920654
datadir/20230313_023143/report.txt,100,100,1,1,0.00073162646731361747
datadir/20230313_023152/report.txt,100,100,1,1,0.00039158549043349922
datadir/20230313_023203/report.txt,100,100,1,1,0.00075700174784287810
datadir/20230313_023213/report.txt,100,100,1,1,0.00043703505070880055
datadir/20230313_023228/report.txt,100,100,1,1,0.00039766056579537690
datadir/20230313_023238/report.txt,100,100,1,1,0.00011504816211527213
datadir/20230313_023251/report.txt,100,100,1,1,0.00029442261438816786
datadir/20230313_023301/report.txt,100,100,1,1,0.01999974995851516724
datadir/20230313_023312/report.txt,100,100,1,1,0.02218348160386085510
datadir/20230313_023321/report.txt,100,100,1,1,0.01898047886788845062
datadir/20230313_023332/report.txt,100,100,1,1,0.00026579166296869516
datadir/20230313_023345/report.txt,100,100,1,1,0.00036578095750883222
datadir/20230313_023355/report.txt,100,100,1,1,0.00071067753015086055
datadir/20230313_023406/report.txt,100,100,1,1,0.00013548789138440043
datadir/20230313_023418/report.txt,100,100,1,1,0.02337478473782539368
datadir/20230313_023432/report.txt,100,100,1,1,0.00451945234090089798
datadir/20230313_023441/report.txt,100,100,1,1,0.00167620810680091381
datadir/20230313_023450/report.txt,100,100,1,1,0.03403054550290107727
datadir/20230313_023459/report.txt,100,100,1,1,0.00110352179035544395
datadir/20230313_023512/report.txt,100,100,1,1,0.03082835674285888672
datadir/20230313_023522/report.txt,100,100,1,1,0.00047229274059645832
datadir/20230313_023531/report.txt,100,100,1,1,0.00022232608171179891
datadir/20230313_023544/report.txt,100,100,1,1,0.02957516722381114960
datadir/20230313_023557/report.txt,100,100,1,1,0.02284747548401355743
datadir/20230313_023611/report.txt,100,100,1,1,0.00063133909134194255
datadir/20230313_023620/report.txt,100,100,1,1,0.00414745649322867393
datadir/20230313_023631/report.txt,100,100,1,1,0.01800171658396720886
datadir/20230313_023645/report.txt,100,100,1,1,0.00059254822554066777
datadir/20230313_023656/report.txt,100,100,1,1,0.00530682271346449852
datadir/20230313_023705/report.txt,100,100,1,1,0.00052598083857446909
datadir/20230313_023718/report.txt,100,100,1,1,0.00070589868118986487
datadir/20230313_023728/report.txt,100,100,1,1,0.02895427867770195007
datadir/20230313_023738/report.txt,100,100,1,1,0.00076686404645442963
datadir/20230313_023748/report.txt,100,100,1,1,0.00025941545027308166
datadir/20230313_023758/report.txt,100,100,1,1,0.04699978604912757874
datadir/20230313_023808/report.txt,100,100,1,1,0.00041438842890784144
datadir/20230313_023817/report.txt,100,100,1,1,0.00034384729224257171
datadir/20230313_023827/report.txt,100,100,1,1,0.00022493874712381512
datadir/20230313_023841/report.txt,100,100,1,1,0.01351335924118757248
datadir/20230313_023851/report.txt,100,100,1,1,0.00061269383877515793
datadir/20230313_023900/report.txt,100,100,1,1,0.00052675796905532479
datadir/20230313_023909/report.txt,100,100,1,1,0.00062420393805950880
datadir/20230313_023920/report.txt,100,100,1,1,0.00027572314138524234
datadir/20230313_023930/report.txt,100,100,1,1,0.00036697898758575320
datadir/20230313_023942/report.txt,100,100,1,1,0.00124817725736647844
datadir/20230313_023952/report.txt,100,100,1,1,0.03927878290414810181
datadir/20230313_024001/report.txt,100,100,1,1,0.00035445933463051915
datadir/20230313_024012/report.txt,100,100,1,1,0.00050086749251931906
datadir/20230313_024022/report.txt,100,100,1,1,0.00031071671401150525
datadir/20230313_024031/report.txt,100,100,1,1,0.01698701828718185425
datadir/20230313_024040/report.txt,100,100,1,1,0.00067813770147040486
datadir/20230313_024049/report.txt,100,100,1,1,0.00162556173745542765
datadir/20230313_024104/report.txt,100,100,1,1,0.00069433054886758327
datadir/20230313_024113/report.txt,100,100,1,1,0.00050102587556466460
datadir/20230313_024123/report.txt,100,100,1,1,0.00058969674864783883
datadir/20230313_024135/report.txt,100,100,1,1,0.00077161513036116958
datadir/20230313_024146/report.txt,100,100,1,1,0.00060699373716488481
datadir/20230313_024157/report.txt,100,100,1,1,0.01823319122195243835
datadir/20230313_024209/report.txt,100,100,1,1,0.00042291273712180555
datadir/20230313_024219/report.txt,100,100,1,1,0.00069414317840710282
datadir/20230313_024230/report.txt,100,100,1,1,0.04207402467727661133
datadir/20230313_024243/report.txt,100,100,1,1,0.00059711351059377193
datadir/20230313_024253/report.txt,100,100,1,1,0.01474462170153856277
datadir/20230313_024303/report.txt,100,100,1,1,0.00041789104579947889
datadir/20230313_024312/report.txt,100,100,1,1,0.00315523426979780197
datadir/20230313_024325/report.txt,100,100,1,1,0.00679570576176047325
datadir/20230313_024340/report.txt,100,100,1,1,0.00055375637020915747
datadir/20230313_024350/report.txt,100,100,1,1,0.00075739366002380848
datadir/20230313_024359/report.txt,100,100,1,1,0.00029996171360835433
datadir/20230313_024410/report.txt,100,100,1,1,0.00018469303904566914
datadir/20230313_024420/report.txt,100,100,1,1,0.00064921681769192219
datadir/20230313_024433/report.txt,100,100,1,1,0.00029406719841063023
datadir/20230313_024442/report.txt,100,100,1,1,0.00026066839927807450
datadir/20230313_024451/report.txt,100,100,1,1,0.00481690792366862297
datadir/20230313_024501/report.txt,100,100,1,1,0.00064483383903279901
datadir/20230313_024511/report.txt,100,100,1,1,0.00879484228789806366
datadir/20230313_024521/report.txt,100,100,1,1,0.00074256298830732703
datadir/20230313_024530/report.txt,100,100,1,1,0.00517110712826251984
datadir/20230313_024542/report.txt,100,100,1,1,0.00024727793061174452
datadir/20230313_024551/report.txt,100,100,1,1,0.00936368945986032486
datadir/20230313_024600/report.txt,100,100,1,1,0.00633802311494946480
datadir/20230313_024610/report.txt,100,100,1,1,0.00032836163882166147
datadir/20230313_024620/report.txt,100,100,1,1,0.00064906902844086289
datadir/20230313_024632/report.txt,100,100,1,1,0.03468757495284080505
datadir/20230313_024645/report.txt,100,100,1,1,0.00319951307028532028
datadir/20230313_024656/report.txt,100,100,1,1,0.00042097413097508252
datadir/20230313_024711/report.txt,100,100,1,1,0.03663174808025360107
datadir/20230313_024720/report.txt,100,100,1,1,0.03743274509906768799
datadir/20230313_024730/report.txt,100,100,1,1,0.00040745903970673680
datadir/20230313_024740/report.txt,100,100,1,1,0.00034246750874444842
datadir/20230313_024750/report.txt,100,100,1,1,0.00008702938794158399
datadir/20230313_024801/report.txt,100,100,1,1,0.00039341533556580544
datadir/20230313_024810/report.txt,100,100,1,1,0.00046791351633146405
datadir/20230313_024825/report.txt,100,100,1,1,0.00025542761432006955
datadir/20230313_024835/report.txt,100,100,1,1,0.02753785997629165649
datadir/20230313_024845/report.txt,100,100,1,1,0.00024947579368017614
datadir/20230313_024855/report.txt,100,100,1,1,0.00029614396044053137
datadir/20230313_024905/report.txt,100,100,1,1,0.03352123498916625977
datadir/20230313_024914/report.txt,100,100,1,1,0.00081172655336558819
datadir/20230313_024928/report.txt,100,100,1,1,0.00062589650042355061
datadir/20230313_024937/report.txt,100,100,1,1,0.00031154396128840744
datadir/20230313_024947/report.txt,100,100,1,1,0.01015611272305250168
datadir/20230313_024956/report.txt,100,100,1,1,0.01128025352954864502
datadir/20230313_025008/report.txt,100,100,1,1,0.01428315415978431702
datadir/20230313_025017/report.txt,100,100,1,1,0.00072546402225270867
datadir/20230313_025028/report.txt,100,100,1,1,0.00073071732185781002
datadir/20230313_025037/report.txt,100,100,1,1,0.00085726636461913586
datadir/20230313_025048/report.txt,100,100,1,1,0.00054450781317427754
datadir/20230313_025059/report.txt,100,100,1,1,0.00058924447512254119
datadir/20230313_025109/report.txt,100,100,1,1,0.00071999547071754932
datadir/20230313_025118/report.txt,100,100,1,1,0.01443385519087314606
datadir/20230313_025128/report.txt,100,100,1,1,0.03269470855593681335
datadir/20230313_025138/report.txt,100,100,1,1,0.00026900731609202921
datadir/20230313_025152/report.txt,100,100,1,1,0.00010786427446873859
datadir/20230313_025204/report.txt,100,100,1,1,0.00069751380942761898
datadir/20230313_025214/report.txt,100,100,1,1,0.00018055419786833227
datadir/20230313_025225/report.txt,100,100,1,1,0.00010648089664755389
datadir/20230313_025235/report.txt,100,100,1,1,0.00042573036625981331
datadir/20230313_025246/report.txt,100,100,1,1,0.00057243724586442113
datadir/20230313_025256/report.txt,100,100,1,1,0.00041451695142313838
datadir/20230313_025306/report.txt,100,100,1,1,0.00055617408361285925
datadir/20230313_025315/report.txt,100,100,1,1,0.00079680792987346649
datadir/20230313_025330/report.txt,100,100,1,1,0.01940422505140304565
datadir/20230313_025339/report.txt,100,100,1,1,0.00044492463348433375
datadir/20230313_025349/report.txt,100,100,1,1,0.03618036210536956787
datadir/20230313_025358/report.txt,100,100,1,1,0.00053016131278127432
datadir/20230313_025409/report.txt,100,100,1,1,0.00208518584258854389
datadir/20230313_025418/report.txt,100,100,1,1,0.01805614121258258820
datadir/20230313_025428/report.txt,100,100,1,1,0.00060570443747565150
datadir/20230313_025437/report.txt,100,100,1,1,0.00021105213090777397
datadir/20230313_025448/report.txt,100,100,1,1,0.17589455842971801758
datadir/20230313_025457/report.txt,100,100,1,1,0.04583926498889923096
datadir/20230313_025509/report.txt,100,100,1,1,0.00050829217070713639
datadir/20230313_025518/report.txt,100,100,1,1,0.00050055905012413859
datadir/20230313_025527/report.txt,100,100,1,1,0.00037360482383519411
datadir/20230313_025537/report.txt,100,100,1,1,0.00026902917306870222
datadir/20230313_025547/report.txt,100,100,1,1,0.02794295735657215118
datadir/20230313_025559/report.txt,100,100,1,1,0.00054715573787689209
datadir/20230313_025609/report.txt,100,100,1,1,0.00053671549540013075
datadir/20230313_025619/report.txt,100,100,1,1,0.00052641663933172822
datadir/20230313_025631/report.txt,100,100,1,1,0.02818109840154647827
datadir/20230313_025643/report.txt,100,100,1,1,0.00046692017349414527
datadir/20230313_025653/report.txt,100,100,1,1,0.00079908187035471201
datadir/20230313_025702/report.txt,100,100,1,1,0.00059417996089905500
datadir/20230313_025715/report.txt,100,100,1,1,0.00044296251144260168
datadir/20230313_025725/report.txt,100,100,1,1,0.00055694003822281957
datadir/20230313_025735/report.txt,100,100,1,1,0.00048436367069371045
datadir/20230313_025744/report.txt,100,100,1,1,0.00436336873099207878
datadir/20230313_025753/report.txt,100,100,1,1,0.00030042466823942959
datadir/20230313_025804/report.txt,100,100,1,1,0.03026271425187587738
datadir/20230313_025818/report.txt,100,100,1,1,0.00028167103300802410
datadir/20230313_025830/report.txt,100,100,1,1,0.00171423377469182014
datadir/20230313_025839/report.txt,100,100,1,1,0.00049565435620024800
datadir/20230313_025853/report.txt,100,100,1,1,0.00021623937936965376
datadir/20230313_025903/report.txt,100,100,1,1,0.00044434412848204374
datadir/20230313_025916/report.txt,100,100,1,1,0.00090596772497519851
datadir/20230313_025926/report.txt,100,100,1,1,0.01845086365938186646
datadir/20230313_025938/report.txt,100,100,1,1,0.00055895617697387934
datadir/20230313_025949/report.txt,100,100,1,1,0.00049057189607992768
datadir/20230313_025959/report.txt,100,100,1,1,0.00088949775090441108
datadir/20230313_030008/report.txt,100,100,1,1,0.00020195236720610410
datadir/20230313_030020/report.txt,100,100,1,1,0.00035656374529935420
datadir/20230313_030032/report.txt,100,100,1,1,0.00031459864112548530
datadir/20230313_030044/report.txt,100,100,1,1,0.00046141250641085207
datadir/20230313_030056/report.txt,100,100,1,1,0.00354649964720010757
datadir/20230313_030109/report.txt,100,100,1,1,0.00053380173631012440
datadir/20230313_030118/report.txt,100,100,1,1,0.00078569032484665513
datadir/20230313_030129/report.txt,100,100,1,1,0.02657303959131240845
datadir/20230313_030140/report.txt,100,100,1,1,0.00118485395796597004
datadir/20230313_030149/report.txt,100,100,1,1,0.00055715953931212425
datadir/20230313_030158/report.txt,100,100,1,1,0.00018482354062143713
datadir/20230313_030211/report.txt,100,100,1,1,0.00897286925464868546
datadir/20230313_030222/report.txt,100,100,1,1,0.00046704095439054072
datadir/20230313_030235/report.txt,100,100,1,1,0.00042414668132551014
datadir/20230313_030246/report.txt,100,100,1,1,0.00132322194986045361
datadir/20230313_030257/report.txt,100,100,1,1,0.00034189980942755938
datadir/20230313_030307/report.txt,100,100,1,1,0.04412531480193138123
datadir/20230313_030318/report.txt,100,100,1,1,0.00037191621959209442
datadir/20230313_030328/report.txt,100,100,1,1,0.00037687623989768326
datadir/20230313_030343/report.txt,100,100,1,1,0.00033120691659860313
datadir/20230313_030355/report.txt,100,100,1,1,0.00082741916412487626
datadir/20230313_030405/report.txt,100,100,1,1,0.00054001720855012536
datadir/20230313_030415/report.txt,100,100,1,1,0.00045280679478310049
datadir/20230313_030428/report.txt,100,100,1,1,0.00059556908672675490
datadir/20230313_030442/report.txt,100,100,1,1,0.00048445953871123493
datadir/20230313_030451/report.txt,100,100,1,1,0.00380218750797212124
datadir/20230313_030503/report.txt,100,100,1,1,0.00062083610100671649
datadir/20230313_030512/report.txt,100,100,1,1,0.00104704801924526691
datadir/20230313_030523/report.txt,100,100,1,1,0.00050583289703354239
datadir/20230313_030533/report.txt,100,100,1,1,0.00020867685088887811
datadir/20230313_030542/report.txt,100,100,1,1,0.00025315640959888697
datadir/20230313_030552/report.txt,100,100,1,1,0.04001971334218978882
datadir/20230313_030604/report.txt,100,100,1,1,0.00050500634824857116
datadir/20230313_030615/report.txt,100,100,1,1,0.00072242016904056072
datadir/20230313_030626/report.txt,100,100,1,1,0.03116840124130249023
datadir/20230313_030638/report.txt,100,100,1,1,0.00053803663467988372
datadir/20230313_030648/report.txt,100,100,1,1,0.03644155338406562805
datadir/20230313_030658/report.txt,100,100,1,1,0.00049736391520127654
datadir/20230313_030711/report.txt,100,100,1,1,0.00044553354382514954
datadir/20230313_030720/report.txt,100,100,1,1,0.00024966607452370226
datadir/20230313_030731/report.txt,100,100,1,1,0.01298040710389614105
datadir/20230313_030742/report.txt,100,100,1,1,0.00025055508012883365
datadir/20230313_030755/report.txt,100,100,1,1,0.00085900130216032267
datadir/20230313_030804/report.txt,100,100,1,1,0.03552438691258430481
datadir/20230313_030814/report.txt,100,100,1,1,0.00067091459641233087
datadir/20230313_030824/report.txt,100,100,1,1,0.00085760315414518118
datadir/20230313_030833/report.txt,100,100,1,1,0.01823800988495349884
datadir/20230313_030842/report.txt,100,100,1,1,0.03434931114315986633
datadir/20230313_030852/report.txt,100,100,1,1,0.00747564388439059258
datadir/20230313_030906/report.txt,100,100,1,1,0.00063895434141159058
datadir/20230313_030917/report.txt,100,100,1,1,0.00373237580060958862
datadir/20230313_030927/report.txt,100,100,1,1,0.01198459602892398834
datadir/20230313_030937/report.txt,100,100,1,1,0.00022449241077993065
datadir/20230313_030946/report.txt,100,100,1,1,0.00052674813196063042
datadir/20230313_030955/report.txt,100,100,1,1,0.00077193282777443528
datadir/20230313_031005/report.txt,100,100,1,1,0.00054614705732092261
datadir/20230313_031020/report.txt,100,100,1,1,0.04612114652991294861
datadir/20230313_031029/report.txt,100,100,1,1,0.00032022409141063690
datadir/20230313_031040/report.txt,100,100,1,1,0.03455979004502296448
datadir/20230313_031052/report.txt,100,100,1,1,0.00070245546521618962
datadir/20230313_031101/report.txt,100,100,1,1,0.02437886781990528107
datadir/20230313_031112/report.txt,100,100,1,1,0.00035104961716569960
datadir/20230313_031127/report.txt,100,100,1,1,0.00177671248093247414
datadir/20230313_031136/report.txt,100,100,1,1,0.00244165817275643349
datadir/20230313_031149/report.txt,100,100,1,1,0.04611364379525184631
datadir/20230313_031159/report.txt,100,100,1,1,0.02963116019964218140
datadir/20230313_031209/report.txt,100,100,1,1,0.00020714990387205034
datadir/20230313_031219/report.txt,100,100,1,1,0.00070532300742343068
datadir/20230313_031233/report.txt,100,100,1,1,0.00054062082199379802
datadir/20230313_031244/report.txt,100,100,1,1,0.00547573389485478401
datadir/20230313_031256/report.txt,100,100,1,1,0.04787062481045722961
datadir/20230313_031306/report.txt,100,100,1,1,0.00020029451115988195
datadir/20230313_031316/report.txt,100,100,1,1,0.01940120384097099304
datadir/20230313_031325/report.txt,100,100,1,1,0.00031394831603392959
datadir/20230313_031334/report.txt,100,100,1,1,0.00026681509916670620
datadir/20230313_031344/report.txt,100,100,1,1,0.00056011223932728171
datadir/20230313_031354/report.txt,100,100,1,1,0.00032747632940299809
datadir/20230313_031405/report.txt,100,100,1,1,0.00045903286081738770
datadir/20230313_031415/report.txt,100,100,1,1,0.00194076995830982924
datadir/20230313_031428/report.txt,100,100,1,1,0.00056322739692404866
datadir/20230313_031438/report.txt,100,100,1,1,0.00615761289373040199
datadir/20230313_031448/report.txt,100,100,1,1,0.00044835612061433494
datadir/20230313_031458/report.txt,100,100,1,1,0.00018120586173608899
datadir/20230313_031507/report.txt,100,100,1,1,0.00124305242206901312
datadir/20230313_031516/report.txt,100,100,1,1,0.00034942440106533468
datadir/20230313_031526/report.txt,100,100,1,1,0.00950299575924873352
datadir/20230313_031535/report.txt,100,100,1,1,0.00029795634327456355
datadir/20230313_031544/report.txt,100,100,1,1,0.00031283072894439101
datadir/20230313_031555/report.txt,100,100,1,1,0.00323544512502849102
datadir/20230313_031608/report.txt,100,100,1,1,0.00037595213507302105
datadir/20230313_031619/report.txt,100,100,1,1,0.00077647680882364511
datadir/20230313_031630/report.txt,100,100,1,1,0.03622091934084892273
datadir/20230313_031642/report.txt,100,100,1,1,0.00058680720394477248
datadir/20230313_031655/report.txt,100,100,1,1,0.00080594228347763419
datadir/20230313_031705/report.txt,100,100,1,1,0.00167805561795830727
datadir/20230313_031714/report.txt,100,100,1,1,0.00053640716942027211
datadir/20230313_031724/report.txt,100,100,1,1,0.00019429452368058264
datadir/20230313_031735/report.txt,100,100,1,1,0.04150358214974403381
datadir/20230313_031744/report.txt,100,100,1,1,0.00052149401744827628
datadir/20230313_031754/report.txt,100,100,1,1,0.00070506514748558402
datadir/20230313_031804/report.txt,100,100,1,1,0.00067923893220722675
datadir/20230313_031813/report.txt,100,100,1,1,0.00053160957759246230
datadir/20230313_031827/report.txt,100,100,1,1,0.00053516490152105689
datadir/20230313_031837/report.txt,100,100,1,1,0.00037380412686616182
datadir/20230313_031853/report.txt,100,100,1,1,0.00027770287124440074
datadir/20230313_031904/report.txt,100,100,1,1,0.00058717507636174560
datadir/20230313_031914/report.txt,100,100,1,1,0.00037643470568582416
datadir/20230313_031925/report.txt,100,100,1,1,0.02979247644543647766
datadir/20230313_031937/report.txt,100,100,1,1,0.00068607658613473177
datadir/20230313_031950/report.txt,100,100,1,1,0.00045339055941440165
datadir/20230313_031959/report.txt,100,100,1,1,0.02225100435316562653
datadir/20230313_032010/report.txt,100,100,1,1,0.00186283071525394917
datadir/20230313_032021/report.txt,100,100,1,1,0.02574173733592033386
datadir/20230313_032032/report.txt,100,100,1,1,0.02866222709417343140
datadir/20230313_032041/report.txt,100,100,1,1,0.01358399633318185806
datadir/20230313_032051/report.txt,100,100,1,1,0.04471876844763755798
datadir/20230313_032102/report.txt,100,100,1,1,0.00012208017869852483
datadir/20230313_032112/report.txt,100,100,1,1,0.00019103931845165789
datadir/20230313_032121/report.txt,100,100,1,1,0.00080896395957097411
datadir/20230313_032131/report.txt,100,100,1,1,0.00641684513539075851
datadir/20230313_032144/report.txt,100,100,1,1,0.00083668256411328912
datadir/20230313_032154/report.txt,100,100,1,1,0.00295875989831984043
datadir/20230313_032204/report.txt,100,100,1,1,0.04685899987816810608
datadir/20230313_032214/report.txt,100,100,1,1,0.00017654187104199082
datadir/20230313_032225/report.txt,100,100,1,1,0.00246827793307602406
datadir/20230313_032235/report.txt,100,100,1,1,0.00059900118503719568
datadir/20230313_032245/report.txt,100,100,1,1,0.00029437561170198023
datadir/20230313_032254/report.txt,100,100,1,1,0.00058898451970890164
datadir/20230313_032308/report.txt,100,100,1,1,0.00021743819524999708
datadir/20230313_032318/report.txt,100,100,1,1,0.00077047501690685749
datadir/20230313_032328/report.txt,100,100,1,1,0.00033926809555850923
datadir/20230313_032338/report.txt,100,100,1,1,0.00075683859176933765
datadir/20230313_032351/report.txt,100,100,1,1,0.00054192892275750637
datadir/20230313_032400/report.txt,100,100,1,1,0.03875297680497169495
datadir/20230313_032413/report.txt,100,100,1,1,0.04517979547381401062
datadir/20230313_032422/report.txt,100,100,1,1,0.00113581726327538490
datadir/20230313_032433/report.txt,100,100,1,1,0.00057528004981577396
datadir/20230313_032444/report.txt,100,100,1,1,0.00032673089299350977
datadir/20230313_032454/report.txt,100,100,1,1,0.00057055545039474964
datadir/20230313_032504/report.txt,100,100,1,1,0.00036317063495516777
datadir/20230313_032516/report.txt,100,100,1,1,0.01183012966066598892
datadir/20230313_032525/report.txt,100,100,1,1,0.02189259044826030731
datadir/20230313_032537/report.txt,100,100,1,1,0.00047938677016645670
datadir/20230313_032550/report.txt,100,100,1,1,0.00070572423283010721
datadir/20230313_032602/report.txt,100,100,1,1,0.00076562969479709864
datadir/20230313_032611/report.txt,100,100,1,1,0.00588003685697913170
datadir/20230313_032620/report.txt,100,100,1,1,0.02285644225776195526
datadir/20230313_032634/report.txt,100,100,1,1,0.00332863698713481426
datadir/20230313_032645/report.txt,100,100,1,1,0.00053135992493480444
datadir/20230313_032654/report.txt,100,100,1,1,0.00055741635151207447
datadir/20230313_032706/report.txt,100,100,1,1,0.00054402375826612115
datadir/20230313_032720/report.txt,100,100,1,1,0.04690556228160858154
datadir/20230313_032730/report.txt,100,100,1,1,0.04546494781970977783
datadir/20230313_032744/report.txt,100,100,1,1,0.00217421073466539383
datadir/20230313_032758/report.txt,100,100,1,1,0.00067693612072616816
datadir/20230313_032811/report.txt,100,100,1,1,0.00055465626064687967
datadir/20230313_032820/report.txt,100,100,1,1,0.00052187556866556406
datadir/20230313_032830/report.txt,100,100,1,1,0.03455103933811187744
datadir/20230313_032842/report.txt,100,100,1,1,0.00064834044314920902
datadir/20230313_032852/report.txt,100,100,1,1,0.00062924664234742522
datadir/20230313_032905/report.txt,100,100,1,1,0.00367305427789688110
datadir/20230313_032916/report.txt,100,100,1,1,0.00035657428088597953
datadir/20230313_032932/report.txt,100,100,1,1,0.00083543662913143635
datadir/20230313_032942/report.txt,100,100,1,1,0.00059698004042729735
datadir/20230313_032955/report.txt,100,100,1,1,0.00072775798616930842
datadir/20230313_033005/report.txt,100,100,1,1,0.00025730847846716642
datadir/20230313_033016/report.txt,100,100,1,1,0.00233954214490950108
datadir/20230313_033026/report.txt,100,100,1,1,0.00678005488589406013
datadir/20230313_033036/report.txt,100,100,1,1,0.00998171884566545486
datadir/20230313_033045/report.txt,100,100,1,1,0.00065650988835841417
datadir/20230313_033056/report.txt,100,100,1,1,0.00011464802082628012
datadir/20230313_033109/report.txt,100,100,1,1,0.00045646011130884290
datadir/20230313_033118/report.txt,100,100,1,1,0.03139077499508857727
datadir/20230313_033129/report.txt,100,100,1,1,0.00026794933364726603
datadir/20230313_033138/report.txt,100,100,1,1,0.00042943071457557380
datadir/20230313_033149/report.txt,100,100,1,1,0.00054100208217278123
datadir/20230313_033159/report.txt,100,100,1,1,0.00058852846268564463
datadir/20230313_033210/report.txt,100,100,1,1,0.02260338328778743744
datadir/20230313_033220/report.txt,100,100,1,1,0.00038186638266779482
datadir/20230313_033229/report.txt,100,100,1,1,0.00061845802702009678
datadir/20230313_033241/report.txt,100,100,1,1,0.00040766672464087605
datadir/20230313_033253/report.txt,100,100,1,1,0.00050581549294292927
datadir/20230313_033302/report.txt,100,100,1,1,0.00061818648828193545
datadir/20230313_033311/report.txt,100,100,1,1,0.04434535652399063110
datadir/20230313_033321/report.txt,100,100,1,1,0.00042008765740320086
datadir/20230313_033335/report.txt,100,100,1,1,0.01203695870935916901
datadir/20230313_033349/report.txt,100,100,1,1,0.00090150075266137719
datadir/20230313_033400/report.txt,100,100,1,1,0.00039596576243638992
datadir/20230313_033410/report.txt,100,100,1,1,0.01524177100509405136
datadir/20230313_033421/report.txt,100,100,1,1,0.00380006455816328526
datadir/20230313_033432/report.txt,100,100,1,1,0.00039026123704388738
datadir/20230313_033442/report.txt,100,100,1,1,0.00009746709838509560
datadir/20230313_033454/report.txt,100,100,1,1,0.00078528560698032379
datadir/20230313_033506/report.txt,100,100,1,1,0.00032437642221339047
datadir/20230313_033516/report.txt,100,100,1,1,0.08048836886882781982
datadir/20230313_033529/report.txt,100,100,1,1,0.00042215141002088785
datadir/20230313_033539/report.txt,100,100,1,1,0.01897979900240898132
datadir/20230313_033548/report.txt,100,100,1,1,0.00041680622962303460
datadir/20230313_033559/report.txt,100,100,1,1,0.00064439378911629319
datadir/20230313_033611/report.txt,100,100,1,1,0.00063198950374498963
datadir/20230313_033625/report.txt,100,100,1,1,0.00020847766427323222
datadir/20230313_033636/report.txt,100,100,1,1,0.00073742232052609324
datadir/20230313_033648/report.txt,100,100,1,1,0.00039366676355712116
datadir/20230313_033658/report.txt,100,100,1,1,0.00077252782648429275
datadir/20230313_033711/report.txt,100,100,1,1,0.01463817059993743896
datadir/20230313_033720/report.txt,100,100,1,1,0.03194033727049827576
datadir/20230313_033730/report.txt,100,100,1,1,0.00086350855417549610
datadir/20230313_033739/report.txt,100,100,1,1,0.00019520219939295202
datadir/20230313_033748/report.txt,100,100,1,1,0.00044767593499273062
datadir/20230313_033800/report.txt,100,100,1,1,0.00059713568771257997
datadir/20230313_033813/report.txt,100,100,1,1,0.00125546939671039581
datadir/20230313_033828/report.txt,100,100,1,1,0.00051574176177382469
datadir/20230313_033837/report.txt,100,100,1,1,0.00762158911675214767
datadir/20230313_033849/report.txt,100,100,1,1,0.00015401425480376929
datadir/20230313_033859/report.txt,100,100,1,1,0.00033837935188785195
datadir/20230313_033912/report.txt,100,100,1,1,0.03536538034677505493
datadir/20230313_033923/report.txt,100,100,1,1,0.00040262201218865812
datadir/20230313_033933/report.txt,100,100,1,1,0.00061058322899043560
datadir/20230313_033943/report.txt,100,100,1,1,0.00074288470204919577
datadir/20230313_033953/report.txt,100,100,1,1,0.00048083096044138074
datadir/20230313_034005/report.txt,100,100,1,1,0.00036567042116075754
datadir/20230313_034018/report.txt,100,100,1,1,0.00236688693985342979
datadir/20230313_034029/report.txt,100,100,1,1,0.03184568509459495544
datadir/20230313_034041/report.txt,100,100,1,1,0.00970834400504827499
datadir/20230313_034057/report.txt,100,100,1,1,0.00337525177747011185
datadir/20230313_034106/report.txt,100,100,1,1,0.00040899368468672037
datadir/20230313_034116/report.txt,100,100,1,1,0.00078323349589481950
datadir/20230313_034125/report.txt,100,100,1,1,0.00089525768999010324
datadir/20230313_034138/report.txt,100,100,1,1,0.00029298497247509658
datadir/20230313_034149/report.txt,100,100,1,1,0.00022076930326875299
datadir/20230313_034159/report.txt,100,100,1,1,0.01327806152403354645
datadir/20230313_034208/report.txt,100,100,1,1,0.00038859408232383430
datadir/20230313_034219/report.txt,100,100,1,1,0.00012971961405128241
datadir/20230313_034229/report.txt,100,100,1,1,0.00041301184683106840
datadir/20230313_034238/report.txt,100,100,1,1,0.00096521765226498246
datadir/20230313_034248/report.txt,100,100,1,1,0.00038505802513100207
datadir/20230313_034257/report.txt,100,100,1,1,0.02549340017139911652
datadir/20230313_034307/report.txt,100,100,1,1,0.00040708499727770686
datadir/20230313_034317/report.txt,100,100,1,1,0.00021845243463758379
datadir/20230313_034330/report.txt,100,100,1,1,0.00103928416501730680
datadir/20230313_034339/report.txt,100,100,1,1,0.03448753058910369873
datadir/20230313_034350/report.txt,100,100,1,1,0.00040730898035690188
datadir/20230313_034402/report.txt,100,100,1,1,0.00520401494577527046
datadir/20230313_034412/report.txt,100,100,1,1,0.02575201354920864105
datadir/20230313_034424/report.txt,100,100,1,1,0.00021275071776472032
datadir/20230313_034433/report.txt,100,100,1,1,0.00034504599170759320
datadir/20230313_034446/report.txt,100,100,1,1,0.00032325999927707016
datadir/20230313_034458/report.txt,100,100,1,1,0.00016395380953326821
datadir/20230313_034511/report.txt,100,100,1,1,0.00037946610245853662
datadir/20230313_034522/report.txt,100,100,1,1,0.00022785627515986562
datadir/20230313_034538/report.txt,100,100,1,1,0.00133072212338447571
datadir/20230313_034550/report.txt,100,100,1,1,0.00058530451497063041
datadir/20230313_034601/report.txt,100,100,1,1,0.00052668427815660834
datadir/20230313_034611/report.txt,100,100,1,1,0.00333426147699356079
datadir/20230313_034622/report.txt,100,100,1,1,0.00033477862598374486
datadir/20230313_034631/report.txt,100,100,1,1,0.00050338968867436051
datadir/20230313_034640/report.txt,100,100,1,1,0.00032810939592309296
datadir/20230313_034650/report.txt,100,100,1,1,0.00048873166088014841
datadir/20230313_034700/report.txt,100,100,1,1,0.00026316207367926836
datadir/20230313_034714/report.txt,100,100,1,1,0.01269282307475805283
datadir/20230313_034724/report.txt,100,100,1,1,0.00053434906294569373
datadir/20230313_034733/report.txt,100,100,1,1,0.00084750860696658492
datadir/20230313_034742/report.txt,100,100,1,1,0.00044746475759893656
datadir/20230313_034753/report.txt,100,100,1,1,0.00047504168469458818
datadir/20230313_034809/report.txt,100,100,1,1,0.00028494524303823709
datadir/20230313_034819/report.txt,100,100,1,1,0.00043009463115595281
datadir/20230313_034829/report.txt,100,100,1,1,0.01057909429073333740
datadir/20230313_034841/report.txt,100,100,1,1,0.00184820289723575115
datadir/20230313_034853/report.txt,100,100,1,1,0.00055591709678992629
datadir/20230313_034904/report.txt,100,100,1,1,0.00008133606752380729
datadir/20230313_034916/report.txt,100,100,1,1,0.00074237282387912273
datadir/20230313_034928/report.txt,100,100,1,1,0.00059147964930161834
datadir/20230313_034937/report.txt,100,100,1,1,0.00038821593625470996
datadir/20230313_034947/report.txt,100,100,1,1,0.00159048929344862700
datadir/20230313_034957/report.txt,100,100,1,1,0.00046177327749319375
datadir/20230313_035007/report.txt,100,100,1,1,0.00038578503881581128
datadir/20230313_035017/report.txt,100,100,1,1,0.00024442869471386075
datadir/20230313_035026/report.txt,100,100,1,1,0.00208806269802153111
datadir/20230313_035040/report.txt,100,100,1,1,0.00037080797483213246
datadir/20230313_035053/report.txt,100,100,1,1,0.00927088223397731781
datadir/20230313_035103/report.txt,100,100,1,1,0.00052222114754840732
datadir/20230313_035113/report.txt,100,100,1,1,0.00024849639157764614
datadir/20230313_035124/report.txt,100,100,1,1,0.00054344371892511845
datadir/20230313_035135/report.txt,100,100,1,1,0.00051972217625007033
datadir/20230313_035146/report.txt,100,100,1,1,0.00063485861755907536
datadir/20230313_035156/report.txt,100,100,1,1,0.00028517632745206356
datadir/20230313_035210/report.txt,100,100,1,1,0.00551827857270836830
datadir/20230313_035220/report.txt,100,100,1,1,0.00071370846126228571
datadir/20230313_035230/report.txt,100,100,1,1,0.00031154326279647648
datadir/20230313_035240/report.txt,100,100,1,1,0.00042742808000184596
datadir/20230313_035252/report.txt,100,100,1,1,0.02463939599692821503
datadir/20230313_035302/report.txt,100,100,1,1,0.00036849183379672468
datadir/20230313_035312/report.txt,100,100,1,1,0.00046319447574205697
datadir/20230313_035322/report.txt,100,100,1,1,0.04402722790837287903
datadir/20230313_035334/report.txt,100,100,1,1,0.00849137734621763229
datadir/20230313_035344/report.txt,100,100,1,1,0.00021877759718336165
datadir/20230313_035355/report.txt,100,100,1,1,0.00050173758063465357
datadir/20230313_035405/report.txt,100,100,1,1,0.00208309944719076157
datadir/20230313_035416/report.txt,100,100,1,1,0.00041218224214389920
datadir/20230313_035427/report.txt,100,100,1,1,0.00094253662973642349
datadir/20230313_035440/report.txt,100,100,1,1,0.00195757276378571987
datadir/20230313_035453/report.txt,100,100,1,1,0.03381200134754180908
datadir/20230313_035503/report.txt,100,100,1,1,0.00091479276306927204
datadir/20230313_035512/report.txt,100,100,1,1,0.00055073504336178303
datadir/20230313_035523/report.txt,100,100,1,1,0.00029980763792991638
datadir/20230313_035534/report.txt,100,100,1,1,0.00032655496033839881
datadir/20230313_035549/report.txt,100,100,1,1,0.00026229681679978967
datadir/20230313_035600/report.txt,100,100,1,1,0.00059709529159590602
datadir/20230313_035611/report.txt,100,100,1,1,0.00040253030601888895
datadir/20230313_035621/report.txt,100,100,1,1,0.00005475732177728787
datadir/20230313_035630/report.txt,100,100,1,1,0.00025236525107175112
datadir/20230313_035641/report.txt,100,100,1,1,0.00068246060982346535
datadir/20230313_035653/report.txt,100,100,1,1,0.00039721440407447517
datadir/20230313_035705/report.txt,100,100,1,1,0.00029220458236522973
datadir/20230313_035714/report.txt,100,100,1,1,0.00194588815793395042
datadir/20230313_035723/report.txt,100,100,1,1,0.00076697563054040074
datadir/20230313_035732/report.txt,100,100,1,1,0.00033356648054905236
datadir/20230313_035746/report.txt,100,100,1,1,0.00943490397185087204
datadir/20230313_035759/report.txt,100,100,1,1,0.00038382282946258783
datadir/20230313_035810/report.txt,100,100,1,1,0.00042673657299019396
datadir/20230313_035819/report.txt,100,100,1,1,0.01429858803749084473
datadir/20230313_035832/report.txt,100,100,1,1,0.00067451404174789786
